model,accuracy,balanced_accuracy,f1_macro,f1_weighted
RandomForest,0.925531914893617,0.7316239316239316,0.7280663411609704,0.91151323871572
GradientBoosting,0.9840425531914894,0.9563288563288562,0.9427771811497495,0.984632933701438
XGBoost,0.9787234042553191,0.9163288563288562,0.9316735053547198,0.9785095694473345
